SubjectID,researchdate,BrandID,Brand,CategoryDelivery,daily_ots,score,threshold,reason
1001,2025-06-01,B5,Adidas,Смартфоны,90.52046268666841,4.19938442551684,77.46315760575845,"Выброс на уровне 'Brand': Z-score = 4.20 > 3.5 (daily_ots = 90.52, медиана = 35.32, порог = 77.46)"
1003,2025-06-26,B77,Xiaomi,Обувь,95.84008056973644,3.8310160030078557,86.01400951657818,"Выброс на уровне 'Brand': Z-score = 3.83 > 3.5 (daily_ots = 95.84, медиана = 27.07, порог = 86.01)"
1006,2025-06-20,B16,Nike,Смартфоны,81.14335799896726,5.804856203650308,70.10225031970047,"Выброс на уровне 'Brand': Z-score = 5.80 > 3.5 (daily_ots = 81.14, медиана = 56.11, порог = 70.10)"
1009,2025-06-23,B64,Adidas,Косметика,89.46990028497214,7.369041484176418,72.42176377969987,"Выброс на уровне 'Brand': Z-score = 7.37 > 3.5 (daily_ots = 89.47, медиана = 59.78, порог = 72.42)"
1011,2025-06-19,B50,LOreal,Обувь,96.1562097146409,4.399425964699911,87.38762293681664,"Выброс на уровне 'Brand': Z-score = 4.40 > 3.5 (daily_ots = 96.16, медиана = 60.17, порог = 87.39)"
1012,2025-06-01,B33,LOreal,Обувь,98.00978858348253,8.764486567516753,67.09446172295988,"Выброс на уровне 'Brand': Z-score = 8.76 > 3.5 (daily_ots = 98.01, медиана = 52.09, порог = 67.09)"
1012,2025-06-29,B72,Nike,Косметика,85.6642455505845,5.197339217887303,64.55787323328691,"Выброс на уровне 'Brand': Z-score = 5.20 > 3.5 (daily_ots = 85.66, медиана = 35.87, порог = 64.56)"
1014,2025-06-15,B23,Xiaomi,Обувь,90.34232906821633,5.70358810371517,67.66721476785345,"Выброс на уровне 'Brand': Z-score = 5.70 > 3.5 (daily_ots = 90.34, медиана = 42.64, порог = 67.67)"
1017,2025-06-15,B73,Xiaomi,Смартфоны,67.90863206806641,11.392251693806614,56.73652385017129,"Выброс на уровне 'Brand': Z-score = 11.39 > 3.5 (daily_ots = 67.91, медиана = 52.38, порог = 56.74)"
1019,2025-06-06,B99,Xiaomi,Косметика,197.77472454822097,4.296684371519509,144.6756735085375,"Выброс на уровне 'Brand': Z-score = 4.30 > 3.5 (daily_ots = 197.77, медиана = 36.19, порог = 144.68)"
1019,2025-06-21,B33,Nike,Обувь,194.0770140049475,5.406985505249593,107.91380297844387,"Выброс на уровне 'Brand': Z-score = 5.41 > 3.5 (daily_ots = 194.08, медиана = 36.37, порог = 107.91)"
1019,2025-06-24,B73,Xiaomi,Смартфоны,55.132087707015636,17.139328534936986,24.637567176430398,"Выброс на уровне 'Brand': Z-score = 17.14 > 3.5 (daily_ots = 55.13, медиана = 19.97, порог = 24.64)"
1019,2025-06-29,B69,Xiaomi,Одежда,88.77047314830828,4.680679434124751,65.05859525252521,"Выброс на уровне 'Brand': Z-score = 4.68 > 3.5 (daily_ots = 88.77, медиана = 25.61, порог = 65.06)"
1022,2025-06-23,B38,Samsung,Одежда,63.68291450060033,6.374227364287171,41.373270574250746,"Выброс на уровне 'Brand': Z-score = 6.37 > 3.5 (daily_ots = 63.68, медиана = 24.32, порог = 41.37)"
1024,2025-06-08,B77,Adidas,Одежда,94.67531527871822,3.540019459967718,94.4629582145275,"Выброс на уровне 'Brand': Z-score = 3.54 > 3.5 (daily_ots = 94.68, медиана = 77.60, порог = 94.46)"
1029,2025-06-02,B59,Adidas,Смартфоны,94.10293645445662,4.220496168991376,89.13651159373569,"Выброс на уровне 'Brand': Z-score = 4.22 > 3.5 (daily_ots = 94.10, медиана = 68.46, порог = 89.14)"
1039,2025-06-11,B28,Adidas,Обувь,59.60878096099771,4.3952290286835725,49.01822474385391,"Выброс на уровне 'Brand': Z-score = 4.40 > 3.5 (daily_ots = 59.61, медиана = 22.61, порог = 49.02)"
1039,2025-06-13,B67,Xiaomi,Обувь,96.03760532795305,5.191701593836469,86.59600575770311,"Выброс на уровне 'Brand': Z-score = 5.19 > 3.5 (daily_ots = 96.04, медиана = 69.88, порог = 86.60)"
1039,2025-06-28,B58,Samsung,Одежда,86.60691081193697,8.613402736198333,62.162648538248355,"Выброс на уровне 'Brand': Z-score = 8.61 > 3.5 (daily_ots = 86.61, медиана = 49.49, порог = 62.16)"
1045,2025-06-03,B64,Adidas,Одежда,82.1107419813488,23.687678552713084,42.29211860900428,"Выброс на уровне 'Brand': Z-score = 23.69 > 3.5 (daily_ots = 82.11, медиана = 37.66, порог = 42.29)"
1047,2025-06-03,B11,Adidas,Смартфоны,55.057857022191676,3.6632571804470606,52.058244268933926,"Выброс на уровне 'Brand': Z-score = 3.66 > 3.5 (daily_ots = 55.06, медиана = 15.32, порог = 52.06)"
1048,2025-06-07,B79,Samsung,Обувь,94.2924299985005,7.8696237865247625,51.47782136530259,"Выброс на уровне 'Brand': Z-score = 7.87 > 3.5 (daily_ots = 94.29, медиана = 31.54, порог = 51.48)"
1049,2025-06-01,B98,Adidas,Обувь,86.95335430369924,4.364915950986342,79.23977551261557,"Выброс на уровне 'Brand': Z-score = 4.36 > 3.5 (daily_ots = 86.95, медиана = 54.35, порог = 79.24)"
1049,2025-06-21,B81,LOreal,Обувь,94.31575825976422,5.432856668613919,87.70268759999898,"Выброс на уровне 'Brand': Z-score = 5.43 > 3.5 (daily_ots = 94.32, медиана = 76.87, порог = 87.70)"
1050,2025-06-16,B60,Adidas,Одежда,86.36510914192687,4.566124788476424,68.26546527276845,"Выброс на уровне 'Brand': Z-score = 4.57 > 3.5 (daily_ots = 86.37, медиана = 31.32, порог = 68.27)"
1050,2025-06-24,B15,Samsung,Одежда,56.024731491839866,3.7038085786886747,55.46155578041695,"Выброс на уровне 'Brand': Z-score = 3.70 > 3.5 (daily_ots = 56.02, медиана = 46.61, порог = 55.46)"
1052,2025-06-12,B84,Adidas,Одежда,96.77142867184943,5.482514938799926,65.94023097649445,"Выброс на уровне 'Brand': Z-score = 5.48 > 3.5 (daily_ots = 96.77, медиана = 33.29, порог = 65.94)"
1052,2025-06-19,B27,LOreal,Косметика,83.51540283966715,7.738994399675291,72.86233606977744,"Выброс на уровне 'Brand': Z-score = 7.74 > 3.5 (daily_ots = 83.52, медиана = 65.09, порог = 72.86)"
1053,2025-06-28,B89,Adidas,Смартфоны,99.47580446964128,9.907827273320832,70.57296750774165,"Выброс на уровне 'Brand': Z-score = 9.91 > 3.5 (daily_ots = 99.48, медиана = 58.47, порог = 70.57)"
1054,2025-06-13,B53,Samsung,Смартфоны,162.2123053814083,4.041036848497027,128.85901708045273,"Выброс на уровне 'Brand': Z-score = 4.04 > 3.5 (daily_ots = 162.21, медиана = 28.60, порог = 128.86)"
1055,2025-06-10,B80,Xiaomi,Обувь,24.969358944516685,4.4598744910272305,21.383217284753236,"Выброс на уровне 'Brand': Z-score = 4.46 > 3.5 (daily_ots = 24.97, медиана = 12.02, порог = 21.38)"
1056,2025-06-08,B37,Nike,Косметика,51.54401344387814,4.691698073099325,42.026852574938644,"Выброс на уровне 'Brand': Z-score = 4.69 > 3.5 (daily_ots = 51.54, медиана = 22.93, порог = 42.03)"
1056,2025-06-25,B1,Adidas,Обувь,83.74094797330105,4.99369854346084,56.466362012321206,"Выброс на уровне 'Brand': Z-score = 4.99 > 3.5 (daily_ots = 83.74, медиана = 22.13, порог = 56.47)"
1061,2025-06-29,B88,Nike,Одежда,72.03550338315185,8.070416095684688,55.090783911878276,"Выброс на уровне 'Brand': Z-score = 8.07 > 3.5 (daily_ots = 72.04, медиана = 44.82, порог = 55.09)"
1066,2025-06-02,B82,Adidas,Обувь,93.40752015700193,3.9206285857374414,86.22320800515395,"Выброс на уровне 'Brand': Z-score = 3.92 > 3.5 (daily_ots = 93.41, медиана = 44.14, порог = 86.22)"
1067,2025-06-23,B4,Xiaomi,Косметика,48.21971173352347,67.47889589954669,27.5051074272294,"Выброс на уровне 'Brand': Z-score = 67.48 > 3.5 (daily_ots = 48.22, медиана = 26.67, порог = 27.51)"
1070,2025-06-21,B9,Samsung,Обувь,94.29243151771983,6.1890884852544525,61.7146141913503,"Выброс на уровне 'Brand': Z-score = 6.19 > 3.5 (daily_ots = 94.29, медиана = 35.38, порог = 61.71)"
1073,2025-06-13,B18,Nike,Обувь,51.39342943212646,3.9862247302158864,45.484474174371876,"Выброс на уровне 'Brand': Z-score = 3.99 > 3.5 (daily_ots = 51.39, медиана = 18.64, порог = 45.48)"
1074,2025-06-09,B87,Nike,Одежда,94.71178636536135,3.67255252497972,89.49388788818791,"Выброс на уровне 'Brand': Z-score = 3.67 > 3.5 (daily_ots = 94.71, медиана = 28.03, порог = 89.49)"
1074,2025-06-21,B37,LOreal,Косметика,95.84191953240506,8.278746584671085,61.79565863801182,"Выброс на уровне 'Brand': Z-score = 8.28 > 3.5 (daily_ots = 95.84, медиана = 44.72, порог = 61.80)"
1075,2025-06-05,B20,Xiaomi,Обувь,77.31024053957815,5.733762610127465,52.812114272029284,"Выброс на уровне 'Brand': Z-score = 5.73 > 3.5 (daily_ots = 77.31, медиана = 28.89, порог = 52.81)"
1076,2025-06-04,B84,LOreal,Обувь,73.9757509895701,9.536875268353198,35.73875658137227,"Выброс на уровне 'Brand': Z-score = 9.54 > 3.5 (daily_ots = 73.98, медиана = 23.29, порог = 35.74)"
1078,2025-06-15,B39,Samsung,Обувь,80.15677278085951,3.8833376755062896,74.05016536943276,"Выброс на уровне 'Brand': Z-score = 3.88 > 3.5 (daily_ots = 80.16, медиана = 35.74, порог = 74.05)"
1079,2025-06-27,B13,Samsung,Косметика,87.67778774005765,4.143147711811755,68.22981005854325,"Выброс на уровне 'Brand': Z-score = 4.14 > 3.5 (daily_ots = 87.68, медиана = 17.00, порог = 68.23)"
1081,2025-06-09,B34,Xiaomi,Смартфоны,99.03457931750361,7.857549987857167,88.13573390404315,"Выброс на уровне 'Brand': Z-score = 7.86 > 3.5 (daily_ots = 99.03, медиана = 80.25, порог = 88.14)"
1084,2025-06-02,B11,Adidas,Косметика,96.28974160494701,4.199424623228212,92.76178910565098,"Выброс на уровне 'Brand': Z-score = 4.20 > 3.5 (daily_ots = 96.29, медиана = 76.94, порог = 92.76)"
1086,2025-06-03,B68,Nike,Смартфоны,85.63455635021468,3.7565142670369562,81.36860713639007,"Выброс на уровне 'Brand': Z-score = 3.76 > 3.5 (daily_ots = 85.63, медиана = 40.36, порог = 81.37)"
1089,2025-06-20,B9,LOreal,Обувь,94.31090778227622,8.04645448707611,62.338581351735876,"Выброс на уровне 'Brand': Z-score = 8.05 > 3.5 (daily_ots = 94.31, медиана = 45.24, порог = 62.34)"
1090,2025-06-10,B77,LOreal,Смартфоны,83.87016224912186,5.6972436357493175,78.21227555843944,"Выброс на уровне 'Brand': Z-score = 5.70 > 3.5 (daily_ots = 83.87, медиана = 69.97, порог = 78.21)"
1091,2025-06-02,B44,Xiaomi,Косметика,91.81799138657176,9.518425677754076,39.75315076900126,"Выброс на уровне 'Brand': Z-score = 9.52 > 3.5 (daily_ots = 91.82, медиана = 24.25, порог = 39.75)"
1097,2025-06-28,B65,Samsung,Обувь,87.19064872284888,14.47336367375698,65.49651406140418,"Выброс на уровне 'Brand': Z-score = 14.47 > 3.5 (daily_ots = 87.19, медиана = 59.77, порог = 65.50)"
1098,2025-06-26,B54,LOreal,Смартфоны,87.07692315836051,6.158330020883086,60.21804157099846,"Выброс на уровне 'Brand': Z-score = 6.16 > 3.5 (daily_ots = 87.08, медиана = 36.92, порог = 60.22)"
1103,2025-06-29,B64,Adidas,Обувь,75.02591064653929,4.743825606885739,61.70465779208142,"Выброс на уровне 'Brand': Z-score = 4.74 > 3.5 (daily_ots = 75.03, медиана = 35.47, порог = 61.70)"
1111,2025-06-11,B3,LOreal,Косметика,67.15922846941149,13.858547912833044,32.32337391537014,"Выброс на уровне 'Brand': Z-score = 13.86 > 3.5 (daily_ots = 67.16, медиана = 25.17, порог = 32.32)"
1111,2025-06-11,B21,Xiaomi,Смартфоны,97.11542085878705,3.5684638717487243,95.80099090796371,"Выброс на уровне 'Brand': Z-score = 3.57 > 3.5 (daily_ots = 97.12, медиана = 47.58, порог = 95.80)"
1111,2025-06-17,B72,Adidas,Обувь,95.78440708019224,4.889009767942986,92.58815333460161,"Выброс на уровне 'Brand': Z-score = 4.89 > 3.5 (daily_ots = 95.78, медиана = 84.99, порог = 92.59)"
1116,2025-06-21,B85,Adidas,Обувь,92.96961370365042,10.434301182140384,79.66941512525129,"Выброс на уровне 'Brand': Z-score = 10.43 > 3.5 (daily_ots = 92.97, медиана = 73.69, порог = 79.67)"
1116,2025-06-22,B44,LOreal,Косметика,24.411689330249395,4.51575483893995,21.42585988526039,"Выброс на уровне 'Brand': Z-score = 4.52 > 3.5 (daily_ots = 24.41, медиана = 13.58, порог = 21.43)"
1118,2025-06-11,B47,Nike,Одежда,99.2886270281269,3.9226904488374332,92.81759774954413,"Выброс на уровне 'Brand': Z-score = 3.92 > 3.5 (daily_ots = 99.29, медиана = 53.00, порог = 92.82)"
1118,2025-06-21,B100,Adidas,Смартфоны,81.11257649766131,5.413714052995403,72.37798773876622,"Выброс на уровне 'Brand': Z-score = 5.41 > 3.5 (daily_ots = 81.11, медиана = 58.74, порог = 72.38)"
1123,2025-06-09,B92,Samsung,Смартфоны,89.58618185341514,3.528103619938637,88.97264403296438,"Выброс на уровне 'Brand': Z-score = 3.53 > 3.5 (daily_ots = 89.59, медиана = 37.60, порог = 88.97)"
1123,2025-06-28,B65,Nike,Обувь,84.81386809870114,13.411581574073402,65.49651406140418,"Выброс на уровне 'Brand': Z-score = 13.41 > 3.5 (daily_ots = 84.81, медиана = 59.77, порог = 65.50)"
1125,2025-06-06,B90,Adidas,Косметика,69.11473976091284,3.85285851692253,62.37268059150967,"Выброс на уровне 'Brand': Z-score = 3.85 > 3.5 (daily_ots = 69.11, медиана = 22.25, порог = 62.37)"
1129,2025-06-19,B50,Xiaomi,Обувь,91.75922440737617,3.9590424238764035,87.38762293681664,"Выброс на уровне 'Brand': Z-score = 3.96 > 3.5 (daily_ots = 91.76, медиана = 60.17, порог = 87.39)"
1131,2025-06-10,B14,Adidas,Косметика,88.47406337578484,3.7499831106345294,83.9446518946497,"Выброс на уровне 'Brand': Z-score = 3.75 > 3.5 (daily_ots = 88.47, медиана = 40.04, порог = 83.94)"
1135,2025-06-24,B32,Nike,Одежда,95.33618580029358,4.60119018534457,83.83929375037337,"Выброс на уровне 'Brand': Z-score = 4.60 > 3.5 (daily_ots = 95.34, медиана = 55.65, порог = 83.84)"
1138,2025-06-01,B90,Adidas,Обувь,72.48912509541637,6.247291061969514,54.092256338239196,"Выброс на уровне 'Brand': Z-score = 6.25 > 3.5 (daily_ots = 72.49, медиана = 37.17, порог = 54.09)"
1138,2025-06-12,B86,Samsung,Косметика,95.11039506585232,4.455841338613699,64.04994105406095,"Выброс на уровне 'Brand': Z-score = 4.46 > 3.5 (daily_ots = 95.11, медиана = 14.58, порог = 64.05)"
1140,2025-06-09,B58,Nike,Обувь,50.49964965553809,4.920560328413073,40.85242497841249,"Выброс на уровне 'Brand': Z-score = 4.92 > 3.5 (daily_ots = 50.50, медиана = 24.11, порог = 40.85)"
1140,2025-06-09,B90,LOreal,Смартфоны,51.99397489199388,23.620223387489315,16.140421125391523,"Выброс на уровне 'Brand': Z-score = 23.62 > 3.5 (daily_ots = 51.99, медиана = 13.08, порог = 16.14)"
1140,2025-06-19,B27,Xiaomi,Косметика,75.2146559411871,4.486379188171406,72.86233606977744,"Выброс на уровне 'Brand': Z-score = 4.49 > 3.5 (daily_ots = 75.21, медиана = 65.09, порог = 72.86)"
1144,2025-06-10,B15,Samsung,Одежда,95.33310904544618,3.5649449596063403,93.4972520216502,"Выброс на уровне 'Brand': Z-score = 3.56 > 3.5 (daily_ots = 95.33, медиана = 32.50, порог = 93.50)"
1149,2025-06-29,B64,LOreal,Обувь,68.55775665189645,4.169708952749268,61.70465779208142,"Выброс на уровне 'Brand': Z-score = 4.17 > 3.5 (daily_ots = 68.56, медиана = 35.47, порог = 61.70)"
1150,2025-06-18,B51,Xiaomi,Одежда,70.35549288533497,9.179748412363374,53.323498017234456,"Выброс на уровне 'Brand': Z-score = 9.18 > 3.5 (daily_ots = 70.36, медиана = 44.92, порог = 53.32)"
1152,2025-06-01,B49,Samsung,Смартфоны,98.89447848701913,6.184553708548217,74.9622010835344,"Выброс на уровне 'Brand': Z-score = 6.18 > 3.5 (daily_ots = 98.89, медиана = 52.15, порог = 74.96)"
1153,2025-06-21,B44,Xiaomi,Косметика,82.26228486797547,14.297139206353007,56.98955637176285,"Выброс на уровне 'Brand': Z-score = 14.30 > 3.5 (daily_ots = 82.26, медиана = 50.57, порог = 56.99)"
1153,2025-06-28,B43,LOreal,Одежда,72.81587003706412,3.559716355447713,72.0838306577287,"Выброс на уровне 'Brand': Z-score = 3.56 > 3.5 (daily_ots = 72.82, медиана = 39.75, порог = 72.08)"
1156,2025-06-14,B60,Nike,Косметика,77.26177505529749,6.693151612831812,45.982526335080664,"Выброс на уровне 'Brand': Z-score = 6.69 > 3.5 (daily_ots = 77.26, медиана = 25.86, порог = 45.98)"
1156,2025-06-24,B90,Samsung,Смартфоны,85.91365064152964,36.410982886385675,15.607808177577564,"Выброс на уровне 'Brand': Z-score = 36.41 > 3.5 (daily_ots = 85.91, медиана = 12.93, порог = 15.61)"
1159,2025-06-20,B11,LOreal,Косметика,95.7022474931953,4.187523175115152,80.8001997825217,"Выброс на уровне 'Brand': Z-score = 4.19 > 3.5 (daily_ots = 95.70, медиана = 33.89, порог = 80.80)"
1160,2025-06-01,B90,Nike,Обувь,96.32759836931272,8.926091413479547,54.092256338239196,"Выброс на уровне 'Brand': Z-score = 8.93 > 3.5 (daily_ots = 96.33, медиана = 37.17, порог = 54.09)"
1161,2025-06-09,B90,Samsung,Смартфоны,57.972464352841634,25.525623592150186,16.140421125391523,"Выброс на уровне 'Brand': Z-score = 25.53 > 3.5 (daily_ots = 57.97, медиана = 13.08, порог = 16.14)"
1161,2025-06-13,B19,LOreal,Смартфоны,96.34353578895914,3.6042956897325773,95.57151060522625,"Выброс на уровне 'Brand': Z-score = 3.60 > 3.5 (daily_ots = 96.34, медиана = 72.93, порог = 95.57)"
1165,2025-06-17,B53,Xiaomi,Одежда,89.7034564916243,3.731724717662384,86.4669719603641,"Выброс на уровне 'Brand': Z-score = 3.73 > 3.5 (daily_ots = 89.70, медиана = 49.52, порог = 86.47)"
1170,2025-06-07,B30,Xiaomi,Одежда,66.32688935312711,3.5610987461492516,65.46778172683105,"Выброс на уровне 'Brand': Z-score = 3.56 > 3.5 (daily_ots = 66.33, медиана = 30.85, порог = 65.47)"
1172,2025-06-06,B86,LOreal,Косметика,81.58802115146364,3.943703093799185,77.11115386898273,"Выброс на уровне 'Brand': Z-score = 3.94 > 3.5 (daily_ots = 81.59, медиана = 49.33, порог = 77.11)"
1174,2025-06-25,B6,Samsung,Обувь,95.19454761752395,6.758913018666371,60.990896856634734,"Выброс на уровне 'Brand': Z-score = 6.76 > 3.5 (daily_ots = 95.19, медиана = 37.67, порог = 60.99)"
1174,2025-06-28,B15,Nike,Одежда,54.406612791266056,8.566654205783689,38.03734620144846,"Выброс на уровне 'Brand': Z-score = 8.57 > 3.5 (daily_ots = 54.41, медиана = 29.65, порог = 38.04)"
1175,2025-06-29,B72,Nike,Косметика,99.85146008443253,6.119308462100766,64.55787323328691,"Выброс на уровне 'Brand': Z-score = 6.12 > 3.5 (daily_ots = 99.85, медиана = 35.87, порог = 64.56)"
1178,2025-06-15,B23,Xiaomi,Обувь,69.39642700200834,3.692066279656038,67.66721476785345,"Выброс на уровне 'Brand': Z-score = 3.69 > 3.5 (daily_ots = 69.40, медиана = 42.64, порог = 67.67)"
1182,2025-06-21,B25,Nike,Обувь,59.87626187194468,4.786417121358242,43.5238623945768,"Выброс на уровне 'Brand': Z-score = 4.79 > 3.5 (daily_ots = 59.88, медиана = 18.01, порог = 43.52)"
1184,2025-06-09,B99,Nike,Смартфоны,88.2209659306212,4.508174121394315,72.32435900647407,"Выброс на уровне 'Brand': Z-score = 4.51 > 3.5 (daily_ots = 88.22, медиана = 36.10, порог = 72.32)"
1186,2025-06-03,B79,Adidas,Обувь,50.03854655667718,3.799594743819301,46.680033768388355,"Выброс на уровне 'Brand': Z-score = 3.80 > 3.5 (daily_ots = 50.04, медиана = 20.53, порог = 46.68)"
1186,2025-06-24,B90,LOreal,Смартфоны,62.77976539512349,30.256902715994542,15.607808177577564,"Выброс на уровне 'Brand': Z-score = 30.26 > 3.5 (daily_ots = 62.78, медиана = 12.93, порог = 15.61)"
1199,2025-06-21,B99,Samsung,Смартфоны,74.76004639607363,3.778805332825562,72.54642187580538,"Выброс на уровне 'Brand': Z-score = 3.78 > 3.5 (daily_ots = 74.76, медиана = 49.69, порог = 72.55)"
1202,2025-06-07,B19,Xiaomi,Обувь,53.89947213404839,3.792220722177412,50.30328513376148,"Выброс на уровне 'Brand': Z-score = 3.79 > 3.5 (daily_ots = 53.90, медиана = 21.79, порог = 50.30)"
1204,2025-06-24,B15,LOreal,Одежда,75.21073703518968,9.659226935937385,55.46155578041695,"Выброс на уровне 'Brand': Z-score = 9.66 > 3.5 (daily_ots = 75.21, медиана = 46.61, порог = 55.46)"
1204,2025-06-25,B72,Xiaomi,Косметика,74.54220114706267,3.9227927912229767,66.21759596656239,"Выброс на уровне 'Brand': Z-score = 3.92 > 3.5 (daily_ots = 74.54, медиана = 24.57, порог = 66.22)"
1210,2025-06-10,B52,Samsung,Одежда,86.57185406054721,9.252314139645508,44.66572677220953,"Выброс на уровне 'Brand': Z-score = 9.25 > 3.5 (daily_ots = 86.57, медиана = 29.73, порог = 44.67)"
1213,2025-06-17,B48,Samsung,Смартфоны,99.35992546971485,7.63744201359506,77.00299769714267,"Выброс на уровне 'Brand': Z-score = 7.64 > 3.5 (daily_ots = 99.36, медиана = 62.03, порог = 77.00)"
1215,2025-06-30,B32,Nike,Одежда,79.07742353763476,4.0889972463354916,69.0136605011066,"Выброс на уровне 'Brand': Z-score = 4.09 > 3.5 (daily_ots = 79.08, медиана = 30.52, порог = 69.01)"
1218,2025-06-23,B64,Nike,Косметика,90.84582694132966,7.6487392114603665,72.42176377969987,"Выброс на уровне 'Brand': Z-score = 7.65 > 3.5 (daily_ots = 90.85, медиана = 59.78, порог = 72.42)"
1219,2025-06-21,B100,Xiaomi,Смартфоны,73.93325318977216,3.856884395149447,72.37798773876622,"Выброс на уровне 'Brand': Z-score = 3.86 > 3.5 (daily_ots = 73.93, медиана = 58.74, порог = 72.38)"
1226,2025-06-01,B50,Samsung,Обувь,92.07022288071211,3.8195386413582963,87.97427634960613,"Выброс на уровне 'Brand': Z-score = 3.82 > 3.5 (daily_ots = 92.07, медиана = 53.35, порог = 87.97)"
1228,2025-06-25,B18,Nike,Смартфоны,83.94360310111381,3.560638800288066,83.0529256337506,"Выброс на уровне 'Brand': Z-score = 3.56 > 3.5 (daily_ots = 83.94, медиана = 44.74, порог = 83.05)"
1229,2025-06-10,B84,Adidas,Обувь,85.12393061326414,9.213908966568217,70.00093338540329,"Выброс на уровне 'Brand': Z-score = 9.21 > 3.5 (daily_ots = 85.12, медиана = 62.08, порог = 70.00)"
1230,2025-06-17,B43,Xiaomi,Смартфоны,84.61783510490035,4.697901473325122,79.92052980356384,"Выброс на уровне 'Brand': Z-score = 4.70 > 3.5 (daily_ots = 84.62, медиана = 67.62, порог = 79.92)"
1237,2025-06-28,B63,Samsung,Одежда,67.21262918606844,4.687853735494844,55.324669481981026,"Выброс на уровне 'Brand': Z-score = 4.69 > 3.5 (daily_ots = 67.21, медиана = 31.04, порог = 55.32)"
1240,2025-06-28,B58,Nike,Одежда,81.25019695258955,7.6272228744452475,62.162648538248355,"Выброс на уровне 'Brand': Z-score = 7.63 > 3.5 (daily_ots = 81.25, медиана = 49.49, порог = 62.16)"
1243,2025-06-05,B66,Nike,Смартфоны,87.1472209853911,3.8926147475882558,79.00404505066548,"Выброс на уровне 'Brand': Z-score = 3.89 > 3.5 (daily_ots = 87.15, медиана = 32.72, порог = 79.00)"
1257,2025-06-06,B11,Adidas,Смартфоны,90.41456542433961,6.163593052073695,61.58392560242818,"Выброс на уровне 'Brand': Z-score = 6.16 > 3.5 (daily_ots = 90.41, медиана = 37.04, порог = 61.58)"
1257,2025-06-25,B6,Nike,Обувь,65.38744117423127,4.0082144268606195,60.990896856634734,"Выброс на уровне 'Brand': Z-score = 4.01 > 3.5 (daily_ots = 65.39, медиана = 37.67, порог = 60.99)"
1258,2025-06-09,B69,Adidas,Одежда,88.62038095097203,9.736560314074005,46.531638351024895,"Выброс на уровне 'Brand': Z-score = 9.74 > 3.5 (daily_ots = 88.62, медиана = 32.30, порог = 46.53)"
1261,2025-06-11,B24,Xiaomi,Одежда,98.85763933717888,5.228374914070616,69.97222443445447,"Выброс на уровне 'Brand': Z-score = 5.23 > 3.5 (daily_ots = 98.86, медиана = 34.55, порог = 69.97)"
1261,2025-06-12,B86,Xiaomi,Косметика,67.64426232052281,3.631698037102094,64.04994105406095,"Выброс на уровне 'Brand': Z-score = 3.63 > 3.5 (daily_ots = 67.64, медиана = 14.58, порог = 64.05)"
1262,2025-06-18,B38,Adidas,Одежда,87.71141407892863,3.7333628509456873,86.6948219739497,"Выброс на уровне 'Brand': Z-score = 3.73 > 3.5 (daily_ots = 87.71, медиана = 72.77, порог = 86.69)"
1266,2025-06-21,B30,Samsung,Обувь,49.373564057563776,11.297077095532627,41.064252958828995,"Выброс на уровне 'Brand': Z-score = 11.30 > 3.5 (daily_ots = 49.37, медиана = 37.79, порог = 41.06)"
1266,2025-06-22,B59,Xiaomi,Одежда,59.99687692262295,11.103448269352258,40.73558769124337,"Выброс на уровне 'Brand': Z-score = 11.10 > 3.5 (daily_ots = 60.00, медиана = 34.05, порог = 40.74)"
1271,2025-06-13,B38,Nike,Смартфоны,85.51477368105681,3.9714986860881796,81.94333344904173,"Выброс на уровне 'Brand': Z-score = 3.97 > 3.5 (daily_ots = 85.51, медиана = 59.66, порог = 81.94)"
1271,2025-06-21,B36,Samsung,Косметика,81.686395878083,3.967379739683358,70.40414814178506,"Выброс на уровне 'Brand': Z-score = 3.97 > 3.5 (daily_ots = 81.69, медиана = 22.80, порог = 70.40)"
1271,2025-06-26,B10,Nike,Обувь,59.152377044811594,4.201784957624136,46.569705509520695,"Выброс на уровне 'Brand': Z-score = 4.20 > 3.5 (daily_ots = 59.15, медиана = 13.76, порог = 46.57)"
1276,2025-06-05,B5,Samsung,Косметика,72.36898027237703,4.91359844418869,59.94774069130824,"Выброс на уровне 'Brand': Z-score = 4.91 > 3.5 (daily_ots = 72.37, медиана = 37.50, порог = 59.95)"
1285,2025-06-11,B3,Adidas,Косметика,85.61559816455855,17.327381004630624,32.32337391537014,"Выброс на уровне 'Brand': Z-score = 17.33 > 3.5 (daily_ots = 85.62, медиана = 25.17, порог = 32.32)"
1289,2025-06-21,B83,Xiaomi,Обувь,88.97657135038152,6.165716391776107,73.33054204449594,"Выброс на уровне 'Brand': Z-score = 6.17 > 3.5 (daily_ots = 88.98, медиана = 56.84, порог = 73.33)"
1290,2025-06-02,B44,Samsung,Косметика,59.92106982594532,6.439693835318997,39.75315076900126,"Выброс на уровне 'Brand': Z-score = 6.44 > 3.5 (daily_ots = 59.92, медиана = 24.25, порог = 39.75)"
1295,2025-06-04,B26,Adidas,Смартфоны,97.12221590876287,3.553358782449494,95.70312819522802,"Выброс на уровне 'Brand': Z-score = 3.55 > 3.5 (daily_ots = 97.12, медиана = 36.19, порог = 95.70)"
1296,2025-06-05,B66,Samsung,Смартфоны,79.15313718467955,3.5075412183509163,79.00404505066548,"Выброс на уровне 'Brand': Z-score = 3.51 > 3.5 (daily_ots = 79.15, медиана = 32.72, порог = 79.00)"
1298,2025-06-09,B69,Xiaomi,Одежда,69.47343337415887,7.373002255388717,46.531638351024895,"Выброс на уровне 'Brand': Z-score = 7.37 > 3.5 (daily_ots = 69.47, медиана = 32.30, порог = 46.53)"
1309,2025-06-20,B39,Nike,Смартфоны,84.50312779266888,3.7765614991830962,81.0116102530222,"Выброс на уровне 'Brand': Z-score = 3.78 > 3.5 (daily_ots = 84.50, медиана = 47.39, порог = 81.01)"
1311,2025-06-13,B82,Xiaomi,Смартфоны,93.91581503230623,5.257455983292899,84.77683157079467,"Выброс на уровне 'Brand': Z-score = 5.26 > 3.5 (daily_ots = 93.92, медиана = 69.11, порог = 84.78)"
1314,2025-06-16,B42,Xiaomi,Одежда,72.42983274749555,6.115452379532552,55.079253386969675,"Выброс на уровне 'Brand': Z-score = 6.12 > 3.5 (daily_ots = 72.43, медиана = 38.10, порог = 55.08)"
1314,2025-06-21,B79,Xiaomi,Косметика,174.4689017824483,6.761576827308641,123.84092394468978,"Выброс на уровне 'Brand': Z-score = 6.76 > 3.5 (daily_ots = 174.47, медиана = 85.64, порог = 123.84)"
1315,2025-06-08,B37,Samsung,Косметика,67.46397713653852,6.270018671523551,42.026852574938644,"Выброс на уровне 'Brand': Z-score = 6.27 > 3.5 (daily_ots = 67.46, медиана = 22.93, порог = 42.03)"
1317,2025-06-19,B18,LOreal,Смартфоны,30.193704618753657,9.294213504698565,26.134030531435503,"Выброс на уровне 'Brand': Z-score = 9.29 > 3.5 (daily_ots = 30.19, медиана = 23.94, порог = 26.13)"
1317,2025-06-25,B20,Samsung,Смартфоны,76.59991371403684,12.394953413476753,64.44369317772147,"Выброс на уровне 'Brand': Z-score = 12.39 > 3.5 (daily_ots = 76.60, медиана = 60.20, порог = 64.44)"
1318,2025-06-17,B70,Samsung,Смартфоны,77.70029489058915,7.438389013236114,47.95261394864191,"Выброс на уровне 'Brand': Z-score = 7.44 > 3.5 (daily_ots = 77.70, медиана = 31.10, порог = 47.95)"
1324,2025-06-19,B35,Nike,Косметика,73.28328614055769,4.3483884497285965,69.70580607729664,"Выброс на уровне 'Brand': Z-score = 4.35 > 3.5 (daily_ots = 73.28, медиана = 56.68, порог = 69.71)"
1326,2025-06-06,B90,Xiaomi,Косметика,71.04902183753903,3.947839440721751,62.37268059150967,"Выброс на уровне 'Brand': Z-score = 3.95 > 3.5 (daily_ots = 71.05, медиана = 22.25, порог = 62.37)"
1328,2025-06-20,B27,Adidas,Смартфоны,73.54017485496642,3.9403224004794377,64.34586473813314,"Выброс на уровне 'Brand': Z-score = 3.94 > 3.5 (daily_ots = 73.54, медиана = 21.95, порог = 64.35)"
1336,2025-06-20,B9,Nike,Обувь,63.87401073198938,3.7664843293398595,62.338581351735876,"Выброс на уровне 'Brand': Z-score = 3.77 > 3.5 (daily_ots = 63.87, медиана = 45.24, порог = 62.34)"
1337,2025-06-08,B24,Nike,Смартфоны,83.66889467625596,4.147977521259075,79.41391421039823,"Выброс на уровне 'Brand': Z-score = 4.15 > 3.5 (daily_ots = 83.67, медиана = 59.87, порог = 79.41)"
1341,2025-06-02,B15,Xiaomi,Одежда,87.83831621438175,4.13493374621634,81.71377000448642,"Выброс на уровне 'Brand': Z-score = 4.13 > 3.5 (daily_ots = 87.84, медиана = 54.79, порог = 81.71)"
1342,2025-06-10,B90,LOreal,Косметика,91.78108923716611,3.818954496313548,83.42483375288917,"Выброс на уровне 'Brand': Z-score = 3.82 > 3.5 (daily_ots = 91.78, медиана = 28.97, порог = 83.42)"
1345,2025-06-10,B15,Nike,Одежда,98.97181430664452,3.6900878270326087,93.4972520216502,"Выброс на уровне 'Brand': Z-score = 3.69 > 3.5 (daily_ots = 98.97, медиана = 32.50, порог = 93.50)"
1353,2025-06-05,B10,Nike,Косметика,96.14034397186708,5.217579762946435,82.57598695075406,"Выброс на уровне 'Brand': Z-score = 5.22 > 3.5 (daily_ots = 96.14, медиана = 60.51, порог = 82.58)"
1355,2025-06-28,B9,Xiaomi,Косметика,74.29081854902691,7.036916226596458,57.21213660673416,"Выброс на уровне 'Brand': Z-score = 7.04 > 3.5 (daily_ots = 74.29, медиана = 44.13, порог = 57.21)"
1358,2025-06-09,B66,Adidas,Косметика,93.43177074540179,3.6346202970291093,91.25071859794579,"Выброс на уровне 'Brand': Z-score = 3.63 > 3.5 (daily_ots = 93.43, медиана = 49.25, порог = 91.25)"
1362,2025-06-11,B95,Adidas,Косметика,98.21713169976809,5.434038613671095,70.63838378220396,"Выброс на уровне 'Brand': Z-score = 5.43 > 3.5 (daily_ots = 98.22, медиана = 38.74, порог = 70.64)"
1365,2025-06-07,B82,LOreal,Смартфоны,93.67274199327386,4.509351436597449,89.4464807251174,"Выброс на уровне 'Brand': Z-score = 4.51 > 3.5 (daily_ots = 93.67, медиана = 76.20, порог = 89.45)"
1368,2025-06-19,B25,Adidas,Смартфоны,88.91360308047138,4.036308230089703,86.8947165297587,"Выброс на уровне 'Brand': Z-score = 4.04 > 3.5 (daily_ots = 88.91, медиана = 74.79, порог = 86.89)"
1379,2025-06-04,B90,Adidas,Косметика,90.17417224741682,6.635321477685032,65.90296772959837,"Выброс на уровне 'Brand': Z-score = 6.64 > 3.5 (daily_ots = 90.17, медиана = 46.36, порог = 65.90)"
1381,2025-06-27,B7,Adidas,Косметика,74.36689916579952,28.199543760524044,49.08228669725654,"Выброс на уровне 'Brand': Z-score = 28.20 > 3.5 (daily_ots = 74.37, медиана = 46.26, порог = 49.08)"
1384,2025-06-27,B58,Adidas,Одежда,58.71929985752012,4.400337623500972,56.3063944669257,"Выброс на уровне 'Brand': Z-score = 4.40 > 3.5 (daily_ots = 58.72, медиана = 47.82, порог = 56.31)"
1386,2025-06-10,B96,Samsung,Обувь,73.19679934633149,3.7406809685416436,70.46214823913489,"Выброс на уровне 'Brand': Z-score = 3.74 > 3.5 (daily_ots = 73.20, медиана = 40.39, порог = 70.46)"
1388,2025-06-12,B14,Samsung,Одежда,79.39845306152868,12.002535995810764,34.103973052495,"Выброс на уровне 'Brand': Z-score = 12.00 > 3.5 (daily_ots = 79.40, медиана = 23.96, порог = 34.10)"
1390,2025-06-11,B31,Xiaomi,Одежда,154.82668510250141,7.396152173309073,67.34590555008775,"Выброс на уровне 'Brand': Z-score = 7.40 > 3.5 (daily_ots = 154.83, медиана = 31.60, порог = 67.35)"
1391,2025-06-10,B15,Nike,Обувь,94.88621555741375,3.530893004591957,93.85479312176632,"Выброс на уровне 'Brand': Z-score = 3.53 > 3.5 (daily_ots = 94.89, медиана = 26.86, порог = 93.85)"
1394,2025-06-02,B64,LOreal,Смартфоны,78.47377680597063,10.785802583154616,49.100086930748304,"Выброс на уровне 'Brand': Z-score = 10.79 > 3.5 (daily_ots = 78.47, медиана = 39.14, порог = 49.10)"
1395,2025-06-20,B27,Nike,Смартфоны,88.18758574765997,4.54039063711245,64.34586473813314,"Выброс на уровне 'Brand': Z-score = 4.54 > 3.5 (daily_ots = 88.19, медиана = 21.95, порог = 64.35)"
1397,2025-06-13,B25,Samsung,Одежда,78.61388908373625,4.233253826357188,71.14848389979836,"Выброс на уровне 'Brand': Z-score = 4.23 > 3.5 (daily_ots = 78.61, медиана = 44.09, порог = 71.15)"
1399,2025-06-21,B99,Adidas,Одежда,94.27604727136706,4.369472977862576,73.25864371583346,"Выброс на уровне 'Brand': Z-score = 4.37 > 3.5 (daily_ots = 94.28, медиана = 26.23, порог = 73.26)"
1399,2025-06-25,B52,Xiaomi,Обувь,65.15276285353015,4.3956298251713815,49.666351356950145,"Выброс на уровне 'Brand': Z-score = 4.40 > 3.5 (daily_ots = 65.15, медиана = 16.87, порог = 49.67)"
1400,2025-06-23,B4,Samsung,Косметика,43.807444241293126,56.477849996554056,27.5051074272294,"Выброс на уровне 'Brand': Z-score = 56.48 > 3.5 (daily_ots = 43.81, медиана = 26.67, порог = 27.51)"
1402,2025-06-15,B67,Samsung,Обувь,98.19831919777202,13.113025067473432,74.52820374365776,"Выброс на уровне 'Brand': Z-score = 13.11 > 3.5 (daily_ots = 98.20, медиана = 67.39, порог = 74.53)"
1404,2025-06-02,B100,Adidas,Одежда,98.2990226077308,4.8027046019746225,78.18075835254142,"Выброс на уровне 'Brand': Z-score = 4.80 > 3.5 (daily_ots = 98.30, медиана = 42.10, порог = 78.18)"
1404,2025-06-10,B28,Samsung,Косметика,86.22433876054895,3.7869127084306977,79.88575842852273,"Выброс на уровне 'Brand': Z-score = 3.79 > 3.5 (daily_ots = 86.22, медиана = 31.22, порог = 79.89)"
1408,2025-06-26,B58,Nike,Косметика,88.17994903089145,3.700260033682479,83.4952623609297,"Выброс на уровне 'Brand': Z-score = 3.70 > 3.5 (daily_ots = 88.18, медиана = 31.90, порог = 83.50)"
1411,2025-06-24,B10,Samsung,Косметика,80.36904620834727,8.448751084716216,53.33275109874427,"Выброс на уровне 'Brand': Z-score = 8.45 > 3.5 (daily_ots = 80.37, медиана = 39.83, порог = 53.33)"
1413,2025-06-01,B49,Adidas,Смартфоны,83.75606096693676,4.573723234255494,74.9622010835344,"Выброс на уровне 'Brand': Z-score = 4.57 > 3.5 (daily_ots = 83.76, медиана = 52.15, порог = 74.96)"
1413,2025-06-26,B14,Samsung,Обувь,85.21810678035676,5.910409431155572,68.66170008439553,"Выброс на уровне 'Brand': Z-score = 5.91 > 3.5 (daily_ots = 85.22, медиана = 50.11, порог = 68.66)"
1415,2025-06-22,B45,Nike,Обувь,99.70803602762821,5.798326086172266,93.36862869507291,"Выброс на уровне 'Brand': Z-score = 5.80 > 3.5 (daily_ots = 99.71, медиана = 84.47, порог = 93.37)"
1417,2025-06-06,B83,Adidas,Обувь,143.29543837427627,5.355569153510522,86.27051154923663,"Выброс на уровне 'Brand': Z-score = 5.36 > 3.5 (daily_ots = 143.30, медиана = 32.80, порог = 86.27)"
1422,2025-06-17,B17,Samsung,Смартфоны,75.15948763077625,5.551666392671307,58.831396076091686,"Выброс на уровне 'Brand': Z-score = 5.55 > 3.5 (daily_ots = 75.16, медиана = 38.64, порог = 58.83)"
1424,2025-06-03,B79,Nike,Обувь,53.41980113242202,4.08192943033759,46.680033768388355,"Выброс на уровне 'Brand': Z-score = 4.08 > 3.5 (daily_ots = 53.42, медиана = 20.53, порог = 46.68)"
1426,2025-06-09,B32,Samsung,Обувь,81.25971184079351,11.590182408186587,68.35497258231653,"Выброс на уровне 'Brand': Z-score = 11.59 > 3.5 (daily_ots = 81.26, медиана = 63.42, порог = 68.35)"
1427,2025-06-12,B56,Xiaomi,Одежда,90.16167690764426,3.8476880615854587,85.69989409707016,"Выброс на уровне 'Brand': Z-score = 3.85 > 3.5 (daily_ots = 90.16, медиана = 51.32, порог = 85.70)"
1427,2025-06-28,B35,LOreal,Смартфоны,95.8389115232181,8.19934077711456,62.22055711512407,"Выброс на уровне 'Brand': Z-score = 8.20 > 3.5 (daily_ots = 95.84, медиана = 45.02, порог = 62.22)"
1428,2025-06-19,B80,Nike,Смартфоны,97.0816769526839,4.125548894401299,73.74654571862995,"Выброс на уровне 'Brand': Z-score = 4.13 > 3.5 (daily_ots = 97.08, медиана = 15.35, порог = 73.75)"
1430,2025-06-19,B55,Nike,Одежда,98.20517502260874,4.609988924378532,73.04363757442866,"Выброс на уровне 'Brand': Z-score = 4.61 > 3.5 (daily_ots = 98.21, медиана = 28.44, порог = 73.04)"
1432,2025-06-22,B44,Samsung,Косметика,83.27209413458559,14.258013934839584,21.42585988526039,"Выброс на уровне 'Brand': Z-score = 14.26 > 3.5 (daily_ots = 83.27, медиана = 13.58, порог = 21.43)"
1433,2025-06-01,B56,LOreal,Обувь,76.62676926312655,4.012900571605815,65.43272975839686,"Выброс на уровне 'Brand': Z-score = 4.01 > 3.5 (daily_ots = 76.63, медиана = 21.96, порог = 65.43)"
1439,2025-06-28,B85,Samsung,Смартфоны,176.31809802153072,5.244033394261751,141.77588603369742,"Выброс на уровне 'Brand': Z-score = 5.24 > 3.5 (daily_ots = 176.32, медиана = 91.43, порог = 141.78)"
1450,2025-06-26,B10,Nike,Обувь,66.42250251725173,4.5429751542805406,46.569705509520695,"Выброс на уровне 'Brand': Z-score = 4.54 > 3.5 (daily_ots = 66.42, медиана = 13.76, порог = 46.57)"
1451,2025-06-25,B1,Adidas,Обувь,73.23791004883955,4.484809294288379,56.466362012321206,"Выброс на уровне 'Brand': Z-score = 4.48 > 3.5 (daily_ots = 73.24, медиана = 22.13, порог = 56.47)"
1453,2025-06-04,B14,LOreal,Обувь,52.768317976350716,4.454746972865962,46.42801819357811,"Выброс на уровне 'Brand': Z-score = 4.45 > 3.5 (daily_ots = 52.77, медиана = 28.94, порог = 46.43)"
1454,2025-06-13,B24,Samsung,Обувь,70.51571560780958,5.417131257699682,62.88734929634516,"Выброс на уровне 'Brand': Z-score = 5.42 > 3.5 (daily_ots = 70.52, медиана = 51.00, порог = 62.89)"
1467,2025-06-09,B12,LOreal,Обувь,90.9458551009093,3.6508271339057106,88.52808305666322,"Выброс на уровне 'Brand': Z-score = 3.65 > 3.5 (daily_ots = 90.95, медиана = 47.24, порог = 88.53)"
1471,2025-06-09,B87,Samsung,Смартфоны,90.87193706863361,3.575512877143559,88.69362033143406,"Выброс на уровне 'Brand': Z-score = 3.58 > 3.5 (daily_ots = 90.87, медиана = 28.49, порог = 88.69)"
1472,2025-06-09,B58,Nike,Обувь,92.13784519682177,8.9783589081256,40.85242497841249,"Выброс на уровне 'Brand': Z-score = 8.98 > 3.5 (daily_ots = 92.14, медиана = 24.11, порог = 40.85)"
1472,2025-06-21,B37,Adidas,Косметика,83.07557931231081,6.719302586143408,61.79565863801182,"Выброс на уровне 'Brand': Z-score = 6.72 > 3.5 (daily_ots = 83.08, медиана = 44.72, порог = 61.80)"
1472,2025-06-29,B14,LOreal,Смартфоны,76.104746600809,3.9840592166537196,71.00624895966688,"Выброс на уровне 'Brand': Z-score = 3.98 > 3.5 (daily_ots = 76.10, медиана = 42.91, порог = 71.01)"
1473,2025-06-03,B96,Xiaomi,Обувь,91.57805116191021,11.342647850084104,68.10786736219173,"Выброс на уровне 'Brand': Z-score = 11.34 > 3.5 (daily_ots = 91.58, медиана = 59.65, порог = 68.11)"
1473,2025-06-22,B5,Xiaomi,Обувь,69.13183262000493,4.198837324818234,61.427216891801145,"Выброс на уровне 'Brand': Z-score = 4.20 > 3.5 (daily_ots = 69.13, медиана = 33.85, порог = 61.43)"
1475,2025-06-25,B51,LOreal,Обувь,90.96178087196557,15.249904756455146,64.54060021132821,"Выброс на уровне 'Brand': Z-score = 15.25 > 3.5 (daily_ots = 90.96, медиана = 58.25, порог = 64.54)"
1477,2025-06-04,B31,Samsung,Смартфоны,59.13516724398982,7.824966264955729,41.45648072373747,"Выброс на уровне 'Brand': Z-score = 7.82 > 3.5 (daily_ots = 59.14, медиана = 31.03, порог = 41.46)"
1490,2025-06-23,B61,Adidas,Косметика,39.48247436586814,11.058982249476427,21.911766707794175,"Выброс на уровне 'Brand': Z-score = 11.06 > 3.5 (daily_ots = 39.48, медиана = 16.60, порог = 21.91)"
1492,2025-06-14,B91,Xiaomi,Одежда,86.90352427165712,9.866438882764168,72.71593697175352,"Выброс на уровне 'Brand': Z-score = 9.87 > 3.5 (daily_ots = 86.90, медиана = 65.92, порог = 72.72)"
1495,2025-06-21,B83,Samsung,Обувь,74.13140587743982,3.6495479633126346,73.33054204449594,"Выброс на уровне 'Brand': Z-score = 3.65 > 3.5 (daily_ots = 74.13, медиана = 56.84, порог = 73.33)"
1496,2025-06-28,B9,Samsung,Косметика,64.41881398231115,5.104632906053312,57.21213660673416,"Выброс на уровне 'Brand': Z-score = 5.10 > 3.5 (daily_ots = 64.42, медиана = 44.13, порог = 57.21)"
1497,2025-06-27,B33,Samsung,Смартфоны,85.81881876553523,4.434097997086846,81.00231546562921,"Выброс на уровне 'Brand': Z-score = 4.43 > 3.5 (daily_ots = 85.82, медиана = 65.21, порог = 81.00)"
